Feature,Importance
numeric__AcademicScore,0.32088963496582235
numeric__SGPA_Sem8,0.1786239722262458
numeric__ExperienceScore,0.15676076695725455
numeric__SGPA_Sem7,0.08398762404396325
numeric__InterviewScore,0.055579613228499185
numeric__SGPA_Sem6,0.047295890232810604
numeric__AverageSGPA,0.03665130758055914
numeric__SoftSkillsRating,0.023065925985818976
numeric__SkillScore,0.02297231708871758
categorical__HistoryOfBacklogs_Yes,0.017065945836788016
categorical__HistoryOfBacklogs_No,0.013619310573770095
categorical__CGPA_Tier_Low,0.011992786333197827
numeric__SGPA_Sem5,0.009369685307636773
numeric__Internships,0.008324963026620665
numeric__CGPA,0.0027407835156977958
numeric__Projects,0.0023357295419398167
numeric__SGPA_Sem4,0.001340882486011765
numeric__SGPA_Sem3,0.0009781064573416028
numeric__SGPA_Sem1,0.0009557150144959689
numeric__IsAnomaly,0.0008351921966735067
numeric__CodingTestScore,0.0007278547844573267
numeric__AttendancePercent,0.0006842534572126486
categorical__CGPA_Tier_High,0.0006343717770786838
numeric__Certifications,0.0005180439229296982
numeric__SGPA_Sem2,0.000490112357941511
categorical__Stream_CS,0.0004279627973471052
categorical__CollegeTier_Tier1,0.00042418872981842047
numeric__Workshops,0.0002520773249889758
numeric__MockInterviewScore,0.00019414944741164572
numeric__AptitudeTestScore,0.0001272716011467769
numeric__StudentID,8.932012243437796e-05
categorical__CollegeTier_Tier3,2.7657782601660952e-05
numeric__Publications,1.658329476572538e-05
numeric__AcademicConsistency,0.0
numeric__ExtraCurricular,0.0
categorical__Gender_Female,0.0
categorical__City_Jaipur,0.0
categorical__City_Hyderabad,0.0
categorical__City_Delhi,0.0
categorical__City_Kochi,0.0
categorical__City_Chennai,0.0
categorical__Gender_Male,0.0
categorical__City_Ahmedabad,0.0
categorical__City_Bangalore,0.0
categorical__CollegeTier_Tier2,0.0
categorical__City_Kolkata,0.0
categorical__City_Mumbai,0.0
categorical__City_Pune,0.0
categorical__Stream_Civil,0.0
categorical__Stream_ECE,0.0
categorical__Stream_EE,0.0
categorical__Stream_IT,0.0
categorical__Specialisation_Embedded,0.0
categorical__Specialisation_DataScience,0.0
categorical__Specialisation_AI,0.0
categorical__Stream_Mechanical,0.0
categorical__Hostel_Yes,0.0
categorical__Hostel_No,0.0
categorical__Specialisation_Networking,0.0
categorical__CGPA_Tier_Mid,0.0
