Trial,Algorithm,x,y,Mean_CV_Score,Fold_1,Fold_2,Fold_3,Fold_4,Fold_5,Surrogate_Mu,Surrogate_Std,Acquisition_EI
1,Bayesian Optimization,15.4791,8.7776,84.872,84.6509,84.8601,85.0327,84.9644,84.8521,0.0,0.0,0.0
2,Bayesian Optimization,17.172,13.9474,42.8566,42.6839,42.9613,42.899,42.9796,42.7592,0.0,0.0,0.0
3,Bayesian Optimization,1.8835,19.5124,3.3012,3.4291,3.2899,3.0586,3.4843,3.244,0.0,0.0,0.0
4,Bayesian Optimization,15.2228,15.7213,38.9127,38.8594,38.9357,38.814,38.9608,38.9938,0.0,0.0,0.0
5,Bayesian Optimization,2.5623,9.0077,23.6617,23.613,23.5672,23.7753,23.9227,23.4304,0.0,0.0,0.0
6,Bayesian Optimization,14.1414,6.6667,94.1419,94.4031,94.0558,94.1056,94.1162,94.0288,85.096,9.7235,3.987064
7,Bayesian Optimization,15.7576,4.2424,76.1108,76.2466,76.1745,76.0222,75.9263,76.1847,90.6033,9.7467,2.368988
8,Bayesian Optimization,12.5253,7.2727,99.7166,99.6913,99.7349,100.0,99.4065,99.7505,95.2959,4.774,2.530941
9,Bayesian Optimization,11.3131,6.0606,96.3679,96.4576,96.1379,96.3858,96.4984,96.3596,96.827,4.1177,0.584173
10,Bayesian Optimization,11.9192,7.8788,99.7747,99.5423,99.8635,99.8948,99.6611,99.9115,99.5116,1.1058,0.34192
11,Bayesian Optimization,12.1212,7.4747,99.8738,99.9852,99.891,99.9188,99.7629,99.8114,99.9758,0.1267,0.194753
12,Bayesian Optimization,12.3232,7.8788,99.9689,99.9902,100.0,100.0,99.9558,99.8985,99.9622,0.1662,0.112756
13,Bayesian Optimization,12.3606,7.8101,99.9351,99.7366,100.0,100.0,100.0,99.9392,99.979,0.012,0.011104
14,Bayesian Optimization,12.3527,7.8021,99.9357,99.738,100.0,100.0,100.0,99.9406,99.9383,0.0037,0.124762
15,Bayesian Optimization,12.3935,7.8748,99.9232,99.9523,99.996,100.0,99.6675,100.0,99.935,0.0129,0.146332
16,Bayesian Optimization,12.3084,7.8243,99.952,100.0,99.9969,99.8841,100.0,99.879,99.963,0.0033,0.089473
17,Bayesian Optimization,12.421,7.8664,99.9039,99.9586,99.612,100.0,100.0,99.9488,99.9046,0.0042,0.12331
18,Bayesian Optimization,12.2889,7.8506,99.9504,100.0,99.9942,99.8815,100.0,99.8764,99.9685,0.0028,0.124112
19,Bayesian Optimization,12.3658,7.908,99.9422,100.0,99.9308,99.8728,99.9072,100.0,99.9459,0.0035,0.150459
20,Bayesian Optimization,12.3562,7.9133,99.9423,100.0,99.931,99.873,99.9074,100.0,99.9488,0.0026,0.079519
21,Bayesian Optimization,12.4945,7.8463,99.927,100.0,99.7877,99.9849,99.9569,99.9056,99.8445,0.0065,0.035774
22,Bayesian Optimization,12.2822,7.8137,99.9539,100.0,100.0,99.7697,100.0,100.0,99.937,0.0067,2.381446
23,Bayesian Optimization,12.3725,7.9691,99.8952,99.9988,100.0,99.9963,99.6502,99.8309,99.9147,0.0211,2.099264
24,Bayesian Optimization,12.3141,7.8116,99.9319,99.9723,100.0,100.0,99.6875,100.0,99.9492,0.0027,2.351433
25,Bayesian Optimization,12.2572,7.9308,99.9352,99.923,100.0,100.0,99.8443,99.9089,99.9708,0.026,1.816321
