Trial,Algorithm,x,y,Mean_CV_Score,Fold_1,Fold_2,Fold_3,Fold_4,Fold_5,Is_Grid_Point
1,Grid Search,0.0,0.0,6.5903,6.6659,6.4642,6.7328,6.7613,6.3275,True
2,Grid Search,0.0,5.0,9.7552,9.5858,9.8006,9.7499,9.75,9.89,True
3,Grid Search,0.0,10.0,9.7075,9.7121,9.422,9.7266,9.8919,9.785,True
4,Grid Search,0.0,15.0,5.2693,5.1563,5.4465,5.2605,4.9992,5.4841,True
5,Grid Search,0.0,20.0,1.4932,1.4788,1.3867,1.7131,1.5272,1.3601,True
6,Grid Search,5.0,0.0,28.6629,28.4791,28.7743,28.6744,28.6912,28.6955,True
7,Grid Search,5.0,5.0,42.4278,42.2591,42.5794,42.4179,42.3264,42.5563,True
8,Grid Search,5.0,10.0,42.2203,42.2182,42.3534,42.1186,42.011,42.4001,True
9,Grid Search,5.0,15.0,22.9175,22.8619,22.933,22.767,23.0772,22.9484,True
10,Grid Search,5.0,20.0,6.4941,6.7118,6.6338,6.5357,6.3965,6.1929,True
11,Grid Search,10.0,0.0,58.886,59.2166,58.5292,58.7608,59.0993,58.8243,True
12,Grid Search,10.0,5.0,87.1651,87.2111,87.2424,87.2253,87.0137,87.1329,True
13,Grid Search,10.0,10.0,86.7387,86.8268,86.7476,86.6216,86.765,86.7327,True
14,Grid Search,10.0,15.0,47.0824,47.2009,47.1387,46.9697,46.9959,47.1071,True
15,Grid Search,10.0,20.0,13.3418,13.4315,13.1118,13.3597,13.4723,13.3335,True
16,Grid Search,15.0,0.0,57.1457,57.1029,56.9214,57.1584,57.1773,57.3685,True
17,Grid Search,15.0,5.0,84.589,84.4351,84.7448,84.5521,84.7297,84.4833,True
18,Grid Search,15.0,10.0,84.1752,84.3165,84.1326,84.3274,83.9302,84.1691,True
19,Grid Search,15.0,15.0,45.6909,45.793,45.6738,45.4077,45.6984,45.8818,True
20,Grid Search,15.0,20.0,12.9475,12.9558,13.0392,13.0314,12.8288,12.8822,True
21,Grid Search,20.0,0.0,26.1959,26.2734,26.1081,26.0247,26.3626,26.2108,True
22,Grid Search,20.0,5.0,38.7761,38.4043,39.0093,38.7655,38.7929,38.9085,True
23,Grid Search,20.0,10.0,38.5864,38.4743,38.6269,38.5438,38.5562,38.731,True
24,Grid Search,20.0,15.0,20.945,20.8565,20.8545,20.9974,20.9837,21.0329,True
25,Grid Search,20.0,20.0,5.9352,6.1373,5.8314,5.8178,5.9681,5.9213,True
