StudentID,Gender,City,CollegeTier,Stream,Specialisation,Hostel,HistoryOfBacklogs,SGPA_Sem1,SGPA_Sem2,SGPA_Sem3,SGPA_Sem4,SGPA_Sem5,SGPA_Sem6,SGPA_Sem7,SGPA_Sem8,CGPA,AttendancePercent,Internships,Projects,Workshops,Certifications,Publications,AptitudeTestScore,SoftSkillsRating,CodingTestScore,MockInterviewScore,ExtraCurricular,CGPA_Tier,PlacementStatus,IsAnomaly,Salary Package,AverageSGPA,AcademicConsistency,AcademicScore,SkillScore,InterviewScore,ExperienceScore
1,Male,Ahmedabad,Tier2,ECE,Networking,No,No,6.02,6.54,6.52,6.0,6.47,5.91,6.49,5.5,6.29,73.3,1,2,2.0,2,0,66.7,2.2,49.4,47.8,0,Low,0,0,0.0,6.18125,0.3814797317214712,6.601999999999999,50.84,37.48,1.5
2,Female,Mumbai,Tier2,ECE,DataScience,Yes,Yes,5.84,5.12,5.34,5.18,5.03,4.93,5.4,5.13,5.23,54.5,0,1,0.0,1,0,48.2,2.4,26.7,25.8,0,Low,0,0,0.0,5.246250000000001,0.2842502669932155,5.296,34.760000000000005,25.08,0.4499999999999999
3,Male,Kolkata,Tier2,IT,DataScience,Yes,No,4.91,5.29,5.49,5.73,5.33,5.88,5.82,5.67,5.52,77.6,1,3,1.0,1,0,73.8,2.8,67.7,41.5,0,Low,1,0,3.89,5.515000000000001,0.3268901082277389,6.191999999999999,62.2,36.1,1.4999999999999998
4,Male,Jaipur,Tier1,CS,AI,No,No,7.67,8.03,8.08,7.64,6.86,7.1,7.56,7.39,7.51,68.8,1,2,1.0,2,0,69.8,2.7,66.9,48.0,0,Mid,1,0,8.37,7.541250000000001,0.4204568094007141,7.321,60.080000000000005,39.6,1.35
5,Male,Pune,Tier2,IT,DataScience,Yes,No,8.14,8.97,8.36,8.55,8.55,8.38,9.1,8.86,8.65,95.8,2,3,2.0,4,1,73.1,2.1,71.7,61.7,1,High,1,0,18.99,8.61375,0.332863657201735,8.929,62.120000000000005,45.42,2.5
6,Male,Ahmedabad,Tier2,EE,Networking,No,No,10.0,10.0,10.0,10.0,10.0,10.0,10.0,10.0,10.0,88.9,2,5,2.0,4,1,81.5,3.9,57.7,75.3,0,High,1,0,18.17,10.0,0.0,9.667,63.48,60.78,3.1
7,Male,Hyderabad,Tier2,Mechanical,Networking,Yes,No,8.7,9.55,9.72,9.86,8.85,9.07,9.71,9.7,9.35,87.1,2,2,3.0,3,2,76.5,4.6,83.0,61.5,1,High,1,0,25.52,9.395,0.4509988913511875,9.157999999999998,73.0,55.3,2.3
8,Male,Delhi,Tier2,Mechanical,Embedded,Yes,No,5.87,5.64,5.48,5.78,5.89,6.0,5.12,5.19,5.51,67.9,0,1,1.0,0,0,69.9,2.0,35.2,27.8,0,Low,0,0,0.0,5.62125,0.3295641060552558,5.894,46.040000000000006,24.68,0.4499999999999999
9,Male,Pune,Tier1,CS,AI,No,Yes,6.76,5.84,6.05,5.97,6.36,6.25,5.88,5.99,6.2,65.5,0,2,1.0,1,1,52.3,3.7,63.8,56.9,1,Low,1,0,5.51,6.1375,0.3075130659244997,6.305,53.84,48.94,1.0
10,Female,Hyderabad,Tier2,CS,DataScience,No,No,8.26,8.29,8.23,8.61,8.5,8.37,8.59,8.16,8.41,75.5,1,2,2.0,1,0,59.0,2.7,74.3,42.4,1,High,1,0,18.51,8.376249999999999,0.1710419747981678,8.152,58.72,36.24,1.35
11,Male,Chennai,Tier1,EE,Embedded,Yes,No,6.95,7.55,7.26,7.38,7.5,7.23,7.72,7.88,7.55,93.0,1,4,3.0,4,2,82.2,3.6,86.8,65.1,0,Mid,1,0,8.06,7.433750000000001,0.2946153666829247,8.075,74.8,53.46,2.75
12,Female,Pune,Tier3,Mechanical,AI,Yes,No,6.01,5.71,5.46,5.81,5.49,5.2,5.73,5.44,5.67,54.8,0,1,2.0,1,0,43.6,2.4,32.8,37.6,1,Low,0,0,0.0,5.606249999999999,0.2558424459366683,5.613,35.36,32.16,0.75
13,Male,Pune,Tier2,IT,Embedded,No,Yes,5.42,4.86,5.01,5.96,5.0,5.59,5.18,4.94,5.32,67.2,0,1,0.0,0,0,44.5,1.9,33.0,37.4,0,Low,0,0,0.0,5.244999999999999,0.3820246813268182,5.74,34.8,30.04,0.3
14,Male,Delhi,Tier1,CS,AI,No,No,10.0,10.0,10.0,10.0,10.0,10.0,9.74,10.0,9.92,78.6,1,4,2.0,3,1,69.9,3.2,87.9,86.8,1,High,1,0,18.11,9.9675,0.0919238815542511,9.302,69.52000000000001,64.88,2.35
15,Female,Jaipur,Tier2,EE,DataScience,Yes,No,6.77,6.81,6.38,6.5,6.75,6.61,7.35,7.52,6.69,86.8,1,4,3.0,4,1,95.5,3.4,65.1,73.0,1,Mid,1,0,8.79,6.83625,0.3993543896984587,7.286999999999999,71.04,57.4,2.65
16,Female,Jaipur,Tier1,IT,Networking,Yes,No,9.12,9.59,8.77,8.31,9.21,9.01,9.35,9.16,9.05,100.0,2,2,3.0,2,1,81.1,4.6,85.2,60.3,1,High,1,0,25.03,9.065,0.3872983346207415,9.335,75.72000000000001,54.58,2.05
17,Male,Ahmedabad,Tier2,Mechanical,AI,Yes,No,7.37,7.15,7.41,7.4,7.86,7.8,7.58,7.8,7.49,88.1,1,4,2.0,3,1,84.3,3.7,62.4,76.9,1,Mid,1,0,8.32,7.546249999999999,0.2553394099736941,7.885999999999999,66.08,60.94,2.35
18,Female,Pune,Tier2,EE,Networking,Yes,No,5.45,5.01,4.83,4.77,4.79,5.78,4.92,4.73,5.03,75.9,0,1,0.0,2,1,60.9,2.4,57.7,47.9,0,Low,0,0,0.0,5.035,0.3791720303126651,5.798,52.24,38.34,0.7
19,Male,Bangalore,Tier2,Mechanical,Embedded,No,No,6.97,6.53,6.97,6.34,7.09,7.12,6.51,6.98,6.84,66.4,0,2,1.0,1,0,69.9,1.3,57.9,56.6,0,Mid,0,0,0.0,6.813749999999999,0.303264971365212,6.779999999999999,53.720000000000006,39.16,0.9
20,Female,Mumbai,Tier1,CS,Embedded,Yes,No,6.29,6.68,6.73,6.47,6.8,7.05,7.0,6.95,6.84,94.7,1,2,2.0,3,1,83.5,3.9,63.6,71.7,1,Mid,1,0,8.13,6.74625,0.2646257465068086,7.629,66.64,58.620000000000005,1.75
21,Female,Bangalore,Tier2,Civil,Embedded,Yes,No,6.91,6.7,7.44,6.94,7.42,6.76,7.35,7.14,7.1,75.3,1,1,1.0,2,1,75.2,2.4,57.4,44.6,0,Mid,1,0,8.03,7.0825000000000005,0.2968765977400615,7.228999999999999,57.84,36.36,1.15
22,Female,Bangalore,Tier2,ECE,AI,Yes,No,7.36,6.61,7.47,7.03,7.58,7.07,6.93,7.57,7.17,89.2,2,2,2.0,4,1,91.5,4.7,80.4,57.6,1,Mid,1,0,8.32,7.202500000000001,0.3477581261246303,7.6949999999999985,78.16000000000001,53.36,2.2
23,Male,Pune,Tier1,ECE,AI,Yes,Yes,8.59,8.36,8.61,8.63,8.86,8.46,9.2,8.42,8.66,86.6,2,3,3.0,4,1,76.8,4.5,83.3,68.9,1,High,1,0,22.2,8.64125,0.273779760287091,8.66,73.03999999999999,59.34,2.65
24,Female,Mumbai,Tier2,ECE,Networking,No,No,7.35,7.76,7.06,7.58,7.19,7.33,7.68,7.69,7.34,71.1,1,2,2.0,2,0,79.1,3.1,50.1,53.9,1,Mid,1,0,12.87,7.454999999999999,0.2584016806668033,7.270999999999999,57.88000000000001,44.74,1.5
25,Male,Chennai,Tier2,ECE,AI,No,No,9.36,9.12,9.39,9.92,9.24,9.77,9.96,9.84,9.6,61.2,0,2,1.0,2,0,70.9,2.9,52.1,57.2,0,High,1,0,18.09,9.575,0.3327804939338502,8.556,55.0,45.92,1.05
26,Female,Ahmedabad,Tier1,Mechanical,Networking,No,No,4.75,4.19,4.58,5.47,5.06,5.14,5.08,5.21,4.99,79.4,1,2,3.0,3,1,83.2,3.2,60.5,59.3,0,Low,0,0,0.0,4.9350000000000005,0.4063425718704422,5.875,63.88,48.38,1.9
27,Female,Pune,Tier1,CS,Networking,No,No,9.15,9.34,8.92,8.92,9.21,9.52,9.29,9.04,9.42,97.0,2,3,3.0,4,2,80.4,3.6,86.9,78.1,1,High,1,0,25.59,9.173749999999998,0.2103016540930805,9.504,74.12000000000002,61.25999999999999,2.75
28,Female,Ahmedabad,Tier2,EE,Embedded,No,Yes,6.08,6.06,5.93,6.16,6.22,6.39,6.6,6.07,6.25,70.4,1,2,3.0,2,0,63.3,2.8,57.7,59.3,0,Low,0,0,0.0,6.18875,0.2141052811786093,6.487,54.00000000000001,46.78,1.65
29,Female,Bangalore,Tier2,Mechanical,Embedded,No,No,9.68,9.01,10.0,9.75,9.0,9.07,9.71,9.47,9.5,80.1,1,2,2.0,1,0,83.2,2.4,53.7,53.8,0,High,1,0,18.13,9.46125,0.3878305042154369,9.053,59.56,41.88,1.35
30,Female,Pune,Tier2,Civil,Networking,Yes,No,9.94,9.85,9.28,10.0,10.0,10.0,10.0,10.0,9.86,92.3,3,1,2.0,3,2,69.9,4.8,60.3,89.3,1,High,1,0,25.15,9.88375,0.2496819405334946,9.671,61.68000000000001,72.78,2.15
31,Male,Chennai,Tier3,CS,AI,Yes,No,6.37,5.62,6.08,5.84,5.57,6.25,5.7,6.22,6.02,71.0,1,2,1.0,1,1,70.7,3.0,61.3,60.8,1,Low,1,0,5.99,5.956250000000001,0.312544282576771,6.343999999999999,58.8,48.48,1.2999999999999998
32,Female,Kolkata,Tier2,ECE,Networking,No,No,9.71,9.63,10.0,10.0,10.0,10.0,10.0,10.0,9.96,89.5,1,3,4.0,4,2,84.2,3.3,78.8,59.8,1,High,1,0,25.46,9.9175,0.1542493343352153,9.657,71.8,49.08,2.6
33,Female,Hyderabad,Tier2,EE,AI,No,No,9.26,9.23,9.22,8.61,8.93,9.15,8.77,9.53,9.13,91.4,2,4,2.0,4,2,85.1,3.2,91.2,76.9,0,High,1,0,18.17,9.0875,0.2978374436788345,9.133,76.92000000000002,58.94,2.9
34,Male,Kochi,Tier3,Civil,AI,Yes,No,4.52,4.06,4.31,4.16,4.05,4.31,4.0,4.01,4.08,57.5,0,0,0.0,1,1,69.9,2.1,27.4,34.6,1,Low,0,0,0.0,4.177499999999999,0.1860683438186854,4.581,43.120000000000005,29.160000000000004,0.25
35,Female,Pune,Tier3,IT,AI,Yes,No,6.57,6.54,6.51,6.43,6.21,7.41,5.94,6.28,6.4,63.3,1,0,1.0,0,0,43.9,1.9,24.5,34.8,0,Low,0,0,0.0,6.48625,0.4283168886967418,6.379,31.16,28.48,0.4499999999999999
36,Male,Pune,Tier2,ECE,Embedded,Yes,No,4.44,4.37,4.8,4.06,4.16,4.49,4.12,4.57,4.39,65.8,0,1,1.0,1,0,42.8,1.7,26.9,32.2,0,Low,0,0,0.0,4.376250000000001,0.2525830839262881,5.047,31.28,26.12,0.6
37,Male,Pune,Tier1,CS,Networking,No,No,8.26,8.25,7.7,8.16,7.75,7.73,8.31,8.34,7.89,98.3,2,3,3.0,2,2,77.5,3.7,57.7,87.6,1,Mid,1,0,8.23,8.0625,0.2832338761014094,8.472,61.48,67.36,2.45
38,Female,Chennai,Tier1,IT,AI,No,No,9.67,9.8,9.89,9.81,9.78,10.0,9.86,10.0,9.98,88.8,3,3,2.0,4,2,78.7,4.1,71.1,72.0,1,High,1,0,25.05,9.85125,0.1121781109282402,9.65,68.12,59.6,2.9
39,Female,Ahmedabad,Tier1,IT,AI,No,Yes,7.51,7.91,7.35,7.81,7.71,7.66,7.51,7.55,7.66,73.2,1,2,2.0,1,0,61.0,3.2,52.3,48.3,1,Mid,1,0,8.99,7.62625,0.1818898803436535,7.558,51.720000000000006,41.78,1.35
40,Male,Kochi,Tier2,CS,Embedded,No,No,6.09,5.76,6.04,5.62,6.17,6.13,6.08,6.17,5.99,79.6,1,1,2.0,2,1,71.6,3.4,44.7,54.7,1,Low,0,0,0.0,6.0075,0.2043631221974397,6.581,53.32000000000001,46.42,1.3
41,Female,Kolkata,Tier2,CS,Embedded,No,No,7.31,7.44,7.94,8.34,7.52,7.64,7.98,8.06,7.91,89.8,2,3,3.0,4,1,97.7,3.6,61.8,72.2,0,Mid,1,0,12.37,7.77875,0.3548213836364917,8.231,71.0,57.72,2.65
42,Male,Kochi,Tier3,ECE,Networking,No,No,5.37,5.13,5.23,5.41,5.11,5.58,5.54,5.66,5.29,76.8,1,2,1.0,3,1,57.2,2.5,50.4,55.0,0,Low,1,0,3.21,5.37875,0.2080135641181671,6.007,48.040000000000006,43.0,1.6
43,Female,Bangalore,Tier1,CS,AI,Yes,No,6.09,6.58,7.28,6.34,6.61,6.38,6.48,6.54,6.48,95.4,2,4,2.0,4,1,94.5,3.9,86.1,89.7,0,Low,1,0,3.52,6.5375000000000005,0.3434592926596772,7.398,80.04,69.42,2.8
44,Male,Ahmedabad,Tier2,Mechanical,Embedded,No,Yes,6.41,7.13,7.35,6.94,6.92,6.48,6.89,6.6,6.84,69.9,0,0,0.0,0,0,48.5,1.0,23.8,31.8,0,Mid,0,0,0.0,6.840000000000001,0.3240811185931253,6.885,30.92,23.08,0.0
45,Male,Kolkata,Tier2,ECE,Embedded,No,No,10.0,9.57,10.0,9.84,9.69,10.0,10.0,9.55,9.79,90.3,2,4,3.0,3,2,67.0,3.5,93.2,58.2,1,High,1,0,25.34,9.83125,0.200459294051008,9.561999999999998,71.08,48.92,2.9000000000000004
46,Female,Kochi,Tier3,Mechanical,Networking,Yes,No,5.88,6.14,6.27,6.51,6.3,5.17,6.04,6.2,6.05,74.5,1,2,1.0,2,0,61.9,3.4,70.9,48.7,1,Low,1,0,4.25,6.06375,0.4061997221635118,6.469999999999999,59.92,42.82,1.35
47,Female,Kochi,Tier2,EE,DataScience,Yes,No,10.0,10.0,10.0,10.0,9.98,10.0,10.0,10.0,10.0,75.9,1,3,4.0,3,2,89.6,4.6,66.4,54.7,0,High,1,0,18.74,9.9975,0.0070710678118653,9.277,71.6,51.22,2.45
48,Male,Kolkata,Tier2,ECE,Networking,Yes,No,9.89,9.64,9.19,8.81,9.35,8.99,9.45,8.96,8.98,77.5,1,1,1.0,2,0,76.1,4.0,57.8,54.7,1,High,1,0,18.58,9.285,0.3685492795116704,8.610999999999999,61.56,48.82,1.05
49,Female,Pune,Tier2,Mechanical,Networking,Yes,No,5.49,5.57,5.8,5.59,5.8,5.62,5.59,5.76,5.6,70.8,1,1,2.0,2,1,59.8,3.6,49.6,49.2,0,Low,1,0,3.23,5.652499999999999,0.1178073487884834,6.044,50.96000000000001,43.92,1.3
50,Female,Hyderabad,Tier1,CS,AI,Yes,No,7.0,7.51,7.77,7.72,7.82,7.34,7.8,8.56,7.73,68.4,2,2,2.0,2,1,69.9,4.0,86.7,76.4,1,Mid,1,0,8.46,7.689999999999999,0.4510622383409444,7.462999999999999,70.64,61.84,1.9
