,StudentID,SGPA_Sem1,SGPA_Sem2,SGPA_Sem3,SGPA_Sem4,SGPA_Sem5,SGPA_Sem6,SGPA_Sem7,SGPA_Sem8,CGPA,AttendancePercent,Internships,Projects,Workshops,Certifications,Publications,AptitudeTestScore,SoftSkillsRating,CodingTestScore,MockInterviewScore,ExtraCurricular,PlacementStatus,IsAnomaly,Salary Package,AverageSGPA,AcademicConsistency,AcademicScore,SkillScore,InterviewScore,ExperienceScore
StudentID,1.0,-0.0042211804579021005,-0.004321425831751629,-0.0036696160106655766,-0.002203442969075223,-0.002920397598533607,-0.0024735348125759548,-0.0024695162546715214,-0.003056515709199254,-0.002533646304613602,0.0002994524716939898,0.002501389392355028,0.00566686517764411,0.0020115073975408636,0.004366754843481606,0.004312056333581501,0.012712036275511988,0.004161738076094401,0.005373840317186453,0.0047484599393556965,0.0023663854974741495,-0.001296458154945452,-0.005567978561525631,-0.004207477673302176,-0.0032017411148053403,0.003778594371082202,-0.001997934065887554,0.008773446975831892,0.004923648662507733,0.004832650047884699
SGPA_Sem1,-0.0042211804579021005,1.0,0.9639508112332823,0.9637896476439782,0.9635999972874861,0.9631883905187412,0.9624741664549775,0.9619253701876381,0.9606395327949051,0.9114631741398598,0.49673720903637714,0.44637013350550586,0.5058473348853034,0.510250152912336,0.5502704896315743,0.45683737184973633,0.47471256749872387,0.5072921175796018,0.5288659462475014,0.5766260759492001,0.21311492091092435,0.665038942521405,-0.005927291952871186,0.855746141782054,0.9822878967572982,-0.15835829288006706,0.8828847024269626,0.5589839298067731,0.5984649671675734,0.5952272498689116
SGPA_Sem2,-0.004321425831751629,0.9639508112332823,1.0,0.9649154795959574,0.9647998907578625,0.9647539196581695,0.9642508349474475,0.9638999263717183,0.9628988885432693,0.9125697733185939,0.5061043942343467,0.4557179646437171,0.5143880710484428,0.5191325489377614,0.5607304552015007,0.4648323874128938,0.48524749146402935,0.5164966780419,0.5386571508968386,0.5869070898685388,0.21564221031125164,0.6722517070861543,-0.0040465318543118555,0.8590829998969635,0.9836056536959882,-0.1520078308922787,0.8863364758941541,0.5700218338687807,0.609182506693516,0.6061238843355519
SGPA_Sem3,-0.0036696160106655766,0.9637896476439782,0.9649154795959574,1.0,0.9657534429425919,0.9654768536644999,0.9658771730747814,0.9654800152095413,0.9647784459675169,0.9131739918809625,0.5138682585966631,0.46206025323354616,0.5235311931220149,0.5279013346490397,0.5689442602921635,0.47217025798944445,0.4926766151413536,0.524425896161049,0.5460721971977001,0.5955906716485637,0.22003354353044596,0.6777800402763845,-0.00458106102554715,0.8616232740355932,0.9845178356330533,-0.1463447088847904,0.8889405901370877,0.5782823509795131,0.6182804858790416,0.6158541606975838
SGPA_Sem4,-0.002203442969075223,0.9635999972874861,0.9647998907578625,0.9657534429425919,1.0,0.9665696853362234,0.9665236668928123,0.9663490505723148,0.9661182822642551,0.9137265518756831,0.5218763956735142,0.4685512580762283,0.5309169585959348,0.5368793416389467,0.5781637799352474,0.4799122524828092,0.500136446936797,0.5321824410275227,0.5551579941367941,0.6048001883161092,0.22201314750086926,0.683971542919334,-0.006517874252100058,0.8646617505736159,0.98504571617161,-0.1400922146996135,0.8915686421991605,0.5874755072322326,0.6277367954546382,0.6251503918408238
SGPA_Sem5,-0.002920397598533607,0.9631883905187412,0.9647539196581695,0.9654768536644999,0.9665696853362234,1.0,0.967442454905113,0.9674394217598327,0.96738868178193,0.913726344612012,0.5302622804862429,0.47522644812787546,0.5393353683101709,0.5440335760120718,0.5876236345103075,0.4862258872702871,0.5080422895068446,0.5408371955972232,0.5633722697227385,0.614037844004277,0.22699874615561935,0.6909135050768099,-0.0038798305827675624,0.867604174315766,0.9854297103205772,-0.13715322657479156,0.8938456395228618,0.5964770190427858,0.6374801018948575,0.6345519991089084
SGPA_Sem6,-0.0024735348125759548,0.9624741664549775,0.9642508349474475,0.9658771730747814,0.9665236668928123,0.967442454905113,1.0,0.9683609565841033,0.9684327632721528,0.9136013283148534,0.5374020054487988,0.4819045423013103,0.5472989298907504,0.5512745343444976,0.5953806301319367,0.4933731753610146,0.5155594210155279,0.549073680074523,0.5711602687718947,0.6216022501000962,0.2309749329371379,0.6958810216226265,-0.004343134251531634,0.869242287916932,0.9856228912550402,-0.1302111098349663,0.8956818198865604,0.6050242615100385,0.6457978024453607,0.6434853021151868
SGPA_Sem7,-0.0024695162546715214,0.9619253701876381,0.9638999263717183,0.9654800152095413,0.9663490505723148,0.9674394217598327,0.9683609565841033,1.0,0.9691801740892906,0.9143852498428083,0.5443120222062533,0.48886184300638164,0.5544370567943451,0.5585053351037252,0.604213578783836,0.4996466519320988,0.5230544553302778,0.5565055177742727,0.5797006412967178,0.6305740834386213,0.23497854776127275,0.7019716872056666,-0.0047071647937082005,0.8714010026699337,0.9855857909816444,-0.12449955040139883,0.8982015479583246,0.6138814380379002,0.6549733075723481,0.6522926138441871
SGPA_Sem8,-0.003056515709199254,0.9606395327949051,0.9628988885432693,0.9647784459675169,0.9661182822642551,0.96738868178193,0.9684327632721528,0.9691801740892906,1.0,0.9135079805792626,0.5512033730967977,0.4962237878471966,0.5622405029632818,0.5670300655404865,0.611449160933938,0.5060722476396812,0.5298548207813462,0.5639293569445102,0.5864910771696193,0.6395203388921091,0.23732509410633473,0.7071470336022787,-0.002036300903528902,0.8743608305760157,0.9852323589529419,-0.11873985399550543,0.8993529427129394,0.6214662417848041,0.6641265467692997,0.6614123367439778
CGPA,-0.002533646304613602,0.9114631741398598,0.9125697733185939,0.9131739918809625,0.9137265518756831,0.913726344612012,0.9136013283148534,0.9143852498428083,0.9135079805792626,1.0,0.5671764999751605,0.5197279803100359,0.583577045814538,0.5072336374980739,0.5497500616199519,0.4555942516797412,0.6125404651198038,0.5061060941482718,0.6740204868430028,0.5739012994333387,0.21378175208820685,0.6489263470259014,-0.02264857404229061,0.822902791418352,0.9274865430344722,-0.1296619874798335,0.9746705221924415,0.6970612319904992,0.595994445922918,0.6495592487198463
AttendancePercent,0.0002994524716939898,0.49673720903637714,0.5061043942343467,0.5138682585966631,0.5218763956735142,0.5302622804862429,0.5374020054487988,0.5443120222062533,0.5512033730967977,0.5671764999751605,1.0,0.5043037175382872,0.5763312265172292,0.5783435112067453,0.6308627795646558,0.5073647498121672,0.6332576102669379,0.5817033394864308,0.6963867797138955,0.6500637547066549,0.2477349170117056,0.5540237558143319,-0.1810623129401697,0.5421193870250176,0.5338431070622351,-0.04413534201697986,0.7370039321890822,0.7280670405026434,0.6775774805537081,0.6760878023079852
Internships,0.002501389392355028,0.44637013350550586,0.4557179646437171,0.46206025323354616,0.4685512580762283,0.47522644812787546,0.4819045423013103,0.48886184300638164,0.4962237878471966,0.5197279803100359,0.5043037175382872,1.0,0.6335397297933847,0.5220518034385782,0.5683691568513635,0.4801599075888708,0.5664225426967442,0.5267481582640696,0.623970213619855,0.588021810002246,0.22495457460899226,0.5261973883356353,0.21620846023400925,0.5150152406942539,0.47960765552299506,-0.043902250549813594,0.5634598973574411,0.6526805329697977,0.6130756368357417,0.8200457548013431
Projects,0.00566686517764411,0.5058473348853034,0.5143880710484428,0.5235311931220149,0.5309169585959348,0.5393353683101709,0.5472989298907504,0.5544370567943451,0.5622405029632818,0.583577045814538,0.5763312265172292,0.6335397297933847,1.0,0.5934121353376723,0.6476838360617557,0.5380040699783399,0.641200601706961,0.5923255767257345,0.7074133228112618,0.6692380806483827,0.2543911892640152,0.5801216180561873,0.2234329113933819,0.5681082302668821,0.5435363598752323,-0.04754557879881006,0.6354168583253402,0.7389287372495842,0.6956343929010427,0.906193535092895
Workshops,0.0020115073975408636,0.510250152912336,0.5191325489377614,0.5279013346490397,0.5368793416389467,0.5440335760120718,0.5512745343444976,0.5585053351037252,0.5670300655404865,0.5072336374980739,0.5783435112067453,0.5220518034385782,0.5934121353376723,1.0,0.6480347488414415,0.5364796718173973,0.5530407777208987,0.5959701815416193,0.6152953269761074,0.667934124794342,0.2521109400033695,0.5540698261789401,-0.003136197626101704,0.5594265987145892,0.5482326894433067,-0.04771777595192815,0.573311684461586,0.6513989448888037,0.6956952999110941,0.769671683668891
Certifications,0.004366754843481606,0.5502704896315743,0.5607304552015007,0.5689442602921635,0.5781637799352474,0.5876236345103075,0.5953806301319367,0.604213578783836,0.611449160933938,0.5497500616199519,0.6308627795646558,0.5683691568513635,0.6476838360617557,0.6480347488414415,1.0,0.5813232655930222,0.60462545532622,0.646828608099803,0.6704672143557633,0.7263353158697868,0.27286982988383646,0.6013149197338807,-0.000276374881635063,0.6036078213609428,0.5916619039161944,-0.0493870779767845,0.6224644879978618,0.7102848700125413,0.756154714064354,0.8222397034145205
Publications,0.004312056333581501,0.45683737184973633,0.4648323874128938,0.47217025798944445,0.4799122524828092,0.4862258872702871,0.4933731753610146,0.4996466519320988,0.5060722476396812,0.4555942516797412,0.5073647498121672,0.4801599075888708,0.5380040699783399,0.5364796718173973,0.5813232655930222,1.0,0.4865816328555813,0.5336874204172057,0.5473577007975757,0.5964050716629568,0.2282287034632962,0.46935127778622426,-0.007899119013216924,0.5105723407364986,0.4902962786725385,-0.04548681895021809,0.5116594439812295,0.5777319685328063,0.6216477241458622,0.6768047648463456
AptitudeTestScore,0.012712036275511988,0.47471256749872387,0.48524749146402935,0.4926766151413536,0.500136446936797,0.5080422895068446,0.5155594210155279,0.5230544553302778,0.5298548207813462,0.6125404651198038,0.6332576102669379,0.5664225426967442,0.641200601706961,0.5530407777208987,0.60462545532622,0.4865816328555813,1.0,0.5567948269983235,0.7499316064054463,0.6267773740294453,0.23487134893075476,0.5533379448367755,-0.03479574329690989,0.5248472148669562,0.5119476108361216,-0.04042943657213265,0.6746440616316475,0.9048923888739049,0.6521040172461825,0.7105127815156435
SoftSkillsRating,0.004161738076094401,0.5072921175796018,0.5164966780419,0.524425896161049,0.5321824410275227,0.5408371955972232,0.549073680074523,0.5565055177742727,0.5639293569445102,0.5061060941482718,0.5817033394864308,0.5267481582640696,0.5923255767257345,0.5959701815416193,0.646828608099803,0.5336874204172057,0.5567948269983235,1.0,0.6199127835229279,0.6688831138372351,0.24910639651845443,0.6020870899855939,-0.004741055784193132,0.5859561901012115,0.5451574825732499,-0.04322577241608436,0.573298713809821,0.7085488433504491,0.8156795829007605,0.698321410834424
CodingTestScore,0.005373840317186453,0.5288659462475014,0.5386571508968386,0.5460721971977001,0.5551579941367941,0.5633722697227385,0.5711602687718947,0.5797006412967178,0.5864910771696193,0.6740204868430028,0.6963867797138955,0.623970213619855,0.7074133228112618,0.6152953269761074,0.6704672143557633,0.5473577007975757,0.7499316064054463,0.6199127835229279,1.0,0.6940194867511523,0.26431608693248776,0.5942015668923365,-0.051816510694744085,0.5877856614903451,0.567855873622158,-0.04889116164316804,0.7422405315136413,0.9520805732538633,0.7230619082256106,0.786142549092993
MockInterviewScore,0.0047484599393556965,0.5766260759492001,0.5869070898685388,0.5955906716485637,0.6048001883161092,0.614037844004277,0.6216022501000962,0.6305740834386213,0.6395203388921091,0.5739012994333387,0.6500637547066549,0.588021810002246,0.6692380806483827,0.667934124794342,0.7263353158697868,0.5964050716629568,0.6267773740294453,0.6688831138372351,0.6940194867511523,1.0,0.2840808063091241,0.6338242820511859,0.00027807950611132194,0.6412269378786765,0.6186939599780196,-0.05551910219053145,0.6474983036571106,0.7355212377899754,0.9756353874519852,0.784445694660527
ExtraCurricular,0.0023663854974741495,0.21311492091092435,0.21564221031125164,0.22003354353044596,0.22201314750086926,0.22699874615561935,0.2309749329371379,0.23497854776127275,0.23732509410633473,0.21378175208820685,0.2477349170117056,0.22495457460899226,0.2543911892640152,0.2521109400033695,0.27286982988383646,0.2282287034632962,0.23487134893075476,0.24910639651845443,0.26431608693248776,0.2840808063091241,1.0,0.2395719131260022,0.005943972324196259,0.2924635907654646,0.22884843312528716,-0.01928642124351511,0.24271291618198226,0.27781484811803836,0.2945990334588607,0.29773662153646063
PlacementStatus,-0.001296458154945452,0.665038942521405,0.6722517070861543,0.6777800402763845,0.683971542919334,0.6909135050768099,0.6958810216226265,0.7019716872056666,0.7071470336022787,0.6489263470259014,0.5540237558143319,0.5261973883356353,0.5801216180561873,0.5540698261789401,0.6013149197338807,0.46935127778622426,0.5533379448367755,0.6020870899855939,0.5942015668923365,0.6338242820511859,0.2395719131260022,1.0,9.170624021375402e-06,0.7744430904303383,0.6979024544843485,-0.03666148400147423,0.6829885521431989,0.6404204989242082,0.6709556692710257,0.6703196519050582
IsAnomaly,-0.005567978561525631,-0.005927291952871186,-0.0040465318543118555,-0.00458106102554715,-0.006517874252100058,-0.0038798305827675624,-0.004343134251531634,-0.0047071647937082005,-0.002036300903528902,-0.02264857404229061,-0.1810623129401697,0.21620846023400925,0.2234329113933819,-0.003136197626101704,-0.000276374881635063,-0.007899119013216924,-0.03479574329690989,-0.004741055784193132,-0.051816510694744085,0.00027807950611132194,0.005943972324196259,9.170624021375402e-06,1.0,-0.00817109955060277,-0.004556347625253241,0.00431428056016219,-0.06775371488382133,-0.044080544464076714,-0.0011828727030059752,0.15860497427835837
Salary Package,-0.004207477673302176,0.855746141782054,0.8590829998969635,0.8616232740355932,0.8646617505736159,0.867604174315766,0.869242287916932,0.8714010026699337,0.8743608305760157,0.822902791418352,0.5421193870250176,0.5150152406942539,0.5681082302668821,0.5594265987145892,0.6036078213609428,0.5105723407364986,0.5248472148669562,0.5859561901012115,0.5877856614903451,0.6412269378786765,0.2924635907654646,0.7744430904303383,-0.00817109955060277,1.0,0.879074399915118,-0.13171152051405008,0.8225305997139962,0.6230402279558006,0.671955678516878,0.6668213683935592
AverageSGPA,-0.0032017411148053403,0.9822878967572982,0.9836056536959882,0.9845178356330533,0.98504571617161,0.9854297103205772,0.9856228912550402,0.9855857909816444,0.9852323589529419,0.9274865430344722,0.5338431070622351,0.47960765552299506,0.5435363598752323,0.5482326894433067,0.5916619039161944,0.4902962786725385,0.5119476108361216,0.5451574825732499,0.567855873622158,0.6186939599780196,0.22884843312528716,0.6979024544843485,-0.004556347625253241,0.879074399915118,1.0,-0.1402518808601303,0.9061103812023444,0.6011698178994144,0.6423786808635,0.6395968423195456
AcademicConsistency,0.003778594371082202,-0.15835829288006706,-0.1520078308922787,-0.1463447088847904,-0.1400922146996135,-0.13715322657479156,-0.1302111098349663,-0.12449955040139883,-0.11873985399550543,-0.1296619874798335,-0.04413534201697986,-0.043902250549813594,-0.04754557879881006,-0.04771777595192815,-0.0493870779767845,-0.04548681895021809,-0.04042943657213265,-0.04322577241608436,-0.04889116164316804,-0.05551910219053145,-0.01928642124351511,-0.03666148400147423,0.00431428056016219,-0.13171152051405008,-0.1402518808601303,1.0,-0.11839261630331345,-0.04978158788578822,-0.05596380422443227,-0.05619839229630115
AcademicScore,-0.001997934065887554,0.8828847024269626,0.8863364758941541,0.8889405901370877,0.8915686421991605,0.8938456395228618,0.8956818198865604,0.8982015479583246,0.8993529427129394,0.9746705221924415,0.7370039321890822,0.5634598973574411,0.6354168583253402,0.573311684461586,0.6224644879978618,0.5116594439812295,0.6746440616316475,0.573298713809821,0.7422405315136413,0.6474983036571106,0.24271291618198226,0.6829885521431989,-0.06775371488382133,0.8225305997139962,0.9061103812023444,-0.11839261630331345,1.0,0.7697517365791139,0.6731004442574593,0.716654152580833
SkillScore,0.008773446975831892,0.5589839298067731,0.5700218338687807,0.5782823509795131,0.5874755072322326,0.5964770190427858,0.6050242615100385,0.6138814380379002,0.6214662417848041,0.6970612319904992,0.7280670405026434,0.6526805329697977,0.7389287372495842,0.6513989448888037,0.7102848700125413,0.5777319685328063,0.9048923888739049,0.7085488433504491,0.9520805732538633,0.7355212377899754,0.27781484811803836,0.6404204989242082,-0.044080544464076714,0.6230402279558006,0.6011698178994144,-0.04978158788578822,0.7697517365791139,1.0,0.7815195586719526,0.8255863227919327
InterviewScore,0.004923648662507733,0.5984649671675734,0.609182506693516,0.6182804858790416,0.6277367954546382,0.6374801018948575,0.6457978024453607,0.6549733075723481,0.6641265467692997,0.595994445922918,0.6775774805537081,0.6130756368357417,0.6956343929010427,0.6956952999110941,0.756154714064354,0.6216477241458622,0.6521040172461825,0.8156795829007605,0.7230619082256106,0.9756353874519852,0.2945990334588607,0.6709556692710257,-0.0011828727030059752,0.671955678516878,0.6423786808635,-0.05596380422443227,0.6731004442574593,0.7815195586719526,1.0,0.816575042529551
ExperienceScore,0.004832650047884699,0.5952272498689116,0.6061238843355519,0.6158541606975838,0.6251503918408238,0.6345519991089084,0.6434853021151868,0.6522926138441871,0.6614123367439778,0.6495592487198463,0.6760878023079852,0.8200457548013431,0.906193535092895,0.769671683668891,0.8222397034145205,0.6768047648463456,0.7105127815156435,0.698321410834424,0.786142549092993,0.784445694660527,0.29773662153646063,0.6703196519050582,0.15860497427835837,0.6668213683935592,0.6395968423195456,-0.05619839229630115,0.716654152580833,0.8255863227919327,0.816575042529551,1.0
