FeatureIndex,FeatureName
0,SGPA_Sem1
1,SGPA_Sem2
2,SGPA_Sem3
3,SGPA_Sem4
4,SGPA_Sem5
5,SGPA_Sem6
6,SGPA_Sem7
7,SGPA_Sem8
8,CGPA
9,AttendancePercent
10,Internships
11,Projects
12,Workshops
13,Certifications
14,Publications
15,AptitudeTestScore
16,SoftSkillsRating
17,CodingTestScore
18,MockInterviewScore
19,ExtraCurricular
20,Gender_Female
21,Gender_Male
22,City_Ahmedabad
23,City_Bangalore
24,City_Chennai
25,City_Delhi
26,City_Hyderabad
27,City_Jaipur
28,City_Kochi
29,City_Kolkata
30,City_Mumbai
31,City_Pune
32,CollegeTier_Tier1
33,CollegeTier_Tier2
34,CollegeTier_Tier3
35,Stream_CS
36,Stream_Civil
37,Stream_ECE
38,Stream_EE
39,Stream_IT
40,Stream_Mechanical
41,Specialisation_AI
42,Specialisation_DataScience
43,Specialisation_Embedded
44,Specialisation_Networking
45,Hostel_No
46,Hostel_Yes
47,HistoryOfBacklogs_No
48,HistoryOfBacklogs_Yes
49,CGPA_Tier_High
50,CGPA_Tier_Low
51,CGPA_Tier_Mid
