Feature,count,mean,std,min,25%,50%,75%,max
StudentID,50000.0,25000.5,14433.90106658626,1.0,12500.75,25000.5,37500.25,50000.0
SGPA_Sem1,50000.0,7.2105828,1.517846148159539,4.0,6.09,7.19,8.34,10.0
SGPA_Sem2,50000.0,7.2222428,1.5320080087319834,4.0,6.09,7.21,8.36,10.0
SGPA_Sem3,50000.0,7.2353976,1.5516323769420717,4.0,6.08,7.22,8.4,10.0
SGPA_Sem4,50000.0,7.247290400000001,1.5706286536145937,4.0,6.07,7.24,8.43,10.0
SGPA_Sem5,50000.0,7.258639000000001,1.5878286247809723,4.0,6.07,7.26,8.46,10.0
SGPA_Sem6,50000.0,7.2745108,1.6032605769409136,4.0,6.08,7.28,8.5,10.0
SGPA_Sem7,50000.0,7.2827202,1.6216054139630676,4.0,6.06,7.3,8.52,10.0
SGPA_Sem8,50000.0,7.2937036,1.6381120485390221,4.0,6.06,7.31,8.56,10.0
CGPA,50000.0,7.246153800000001,1.6156861086168908,4.0,6.04,7.25,8.48,10.0
AttendancePercent,50000.0,76.7098628072354,12.474386264810542,50.0,67.6,77.2,85.9,100.0
Internships,50000.0,1.12774,0.8136312016599697,0.0,1.0,1.0,2.0,3.0
Projects,50000.0,2.10952,1.2076069459433885,0.0,1.0,2.0,3.0,5.0
Workshops,50000.0,1.82202,0.9901730800494271,0.0,1.0,2.0,2.0,4.0
Certifications,50000.0,1.93142,1.17539117509376,0.0,1.0,2.0,3.0,5.0
Publications,50000.0,0.73546,0.7171672573239102,0.0,0.0,1.0,1.0,3.0
AptitudeTestScore,50000.0,68.943124,14.73587445795277,30.0,60.0,69.9,78.7,100.0
SoftSkillsRating,50000.0,3.15744,0.946170888997872,1.0,2.5,3.2,3.8,5.0
CodingTestScore,50000.0,57.428458000000006,20.345847974779332,0.0,47.3,57.7,72.0,100.0
MockInterviewScore,50000.0,55.338286,16.632268871971757,15.9,45.9,54.7,67.2,100.0
ExtraCurricular,50000.0,0.533,0.4989148006619631,0.0,0.0,1.0,1.0,1.0
PlacementStatus,50000.0,0.65712,0.47467653402737225,0.0,0.0,1.0,1.0,1.0
IsAnomaly,50000.0,0.035,0.18378159732005345,0.0,0.0,0.0,0.0,1.0
Salary Package,50000.0,9.5361188,8.824560892519553,0.0,0.0,8.43,18.41,26.0
AverageSGPA,50000.0,7.253135899999999,1.553707561898296,4.0,6.085,7.253749999999999,8.43,10.0
AcademicConsistency,50000.0,0.28314388453655737,0.09476480419466829,0.0,0.22499206335208483,0.28457675339252253,0.34543709371502895,0.7200582813713264
AcademicScore,50000.0,7.373603544217062,1.3781432880936229,4.3,6.359999999999999,7.42,8.447999999999999,10.0
SkillScore,50000.0,56.863512799999995,14.422923475449343,15.720000000000002,49.96,57.12,68.28,89.88
InterviewScore,50000.0,45.8327316,12.823307155429502,14.98,38.879999999999995,45.28,55.7,80.0
ExperienceScore,50000.0,1.60774,0.8362845686951283,0.0,1.0499999999999998,1.5,2.35,3.8000000000000003
