,PC1,PC2,PC3,PC4,PC5,PC6,PC7,PC8,PC9,PC10,PC11,PC12
StudentID,0.0003041473491269175,-0.010094120919742556,-0.024524332065560525,0.9966907927579363,-0.07228085310886867,0.015715173669041137,-0.014176682128827084,-0.00012329577880289784,0.007314316671330699,0.003069823843969151,0.008502847535977616,0.006981223353666896
SGPA_Sem1,0.21766161663273315,0.2404892047025795,0.023299060299562968,0.003085349389077106,0.00902294254644223,0.01575753519675182,-0.01659965853199373,-0.0015331446737788142,-0.002036902032023863,0.0028986030998162937,-0.019229057986173803,-0.006646998618802219
SGPA_Sem2,0.21929159350455338,0.23260072858962658,0.023436588533795412,0.00311864800761856,0.014594240093864444,0.014617072090733882,-0.018584223202822086,-0.002698502240913542,-0.0023493501443060906,0.002975268676624208,-0.018773642724851665,-0.007546633630326072
SGPA_Sem3,0.2206295730019553,0.2258239069660581,0.02250733388570326,0.003831470333116297,0.019487008264776725,0.01698816123595235,-0.02107006216720103,-0.0020518855516485036,-0.00017769016352830083,0.00031733558312984484,-0.017740543585071034,-0.00747645588477688
SGPA_Sem4,0.22194653966306563,0.21868754745546254,0.019833280880905982,0.005364856729774458,0.024764904360068528,0.016847447188798468,-0.025051609858705554,-0.001065193860829269,0.0018647458958880004,-0.0014543585153129473,-0.018009978955147575,-0.009318222966526778
SGPA_Sem5,0.2232485470107144,0.21138685662559115,0.020633964446177433,0.004493379378540093,0.026752003194021514,0.01928049602650048,-0.02634989834858381,-0.004592178478566414,0.0005479063205325943,-0.0030493159841638823,-0.013324479784062348,-0.009074527751061072
SGPA_Sem6,0.22441849291703683,0.2044309904134068,0.019554720743171997,0.005094564233477335,0.03282785854638852,0.02085377792667577,-0.027890685477609315,-0.0039056261765903766,2.2967953364437043e-05,-0.0032032087555947113,-0.014431722803035231,-0.007502967794176219
SGPA_Sem7,0.22560864895507196,0.19731029128499605,0.01828007172932149,0.005131748544188688,0.03756410861218551,0.022209313097642666,-0.029124001331541305,-0.005243412096518505,0.0003950029543305321,-0.002707319698369712,-0.01463080768099908,-0.01096158631672701
SGPA_Sem8,0.2266815426374993,0.1900627990413353,0.019837181966741554,0.004624014738196753,0.042439933864751034,0.022809644619452136,-0.03288480255299613,-0.006659058530206176,0.0023731328271039513,-0.0039516189231738694,-0.013789592107253891,-0.011150367412812418
CGPA,0.2212146871751775,0.16307471762681644,-0.02326997067550505,0.00594010578399362,0.014398406989699611,-0.12879716348867087,0.21574817379869785,0.028265380820678764,-0.03758418280630529,0.004363496089097213,-0.02255262165229141,0.00822387994858187
AttendancePercent,0.17586851514939678,-0.1744320922390003,-0.275048165748265,-0.01744309656972532,-0.012383588069336102,-0.06357307769582957,0.07889713902914242,0.009133624609411287,0.17558947516009873,0.07967660250794316,0.7106013241094075,0.38935614010891834
Internships,0.16228476723034416,-0.20541792151271454,0.2709996698907736,0.0042917782114992135,-0.01712692128372679,-0.10587597299299908,0.1267562883495817,0.16176988284685456,0.29474874403856155,0.7448323745924026,-0.24776198126165183,-0.010223152792386198
Projects,0.18174478584520914,-0.2176870383180092,0.23296904757261735,0.0071141907134500745,-0.012401123334371152,-0.08707757752495332,0.09682919628431988,0.04818483622862819,0.05382119508344808,-0.16016637844712073,0.1974628069167763,-0.07491206881621486
Workshops,0.17440260604979263,-0.17370574332616853,-0.008743104299615036,-0.01009214760278669,-0.0050409099860196155,0.0927560030303368,-0.23222358552438885,0.043943632321029436,0.5939832302644285,-0.48997714244045354,-0.3267005124959538,0.2127884879390585
Certifications,0.18770306379144713,-0.18416515676113435,-0.00978453951157534,-0.006051125257781652,-0.002608060173371128,0.07772910451944448,-0.1923564523374395,0.010246604512725566,0.17638914863632973,-0.05768900304618955,0.1447375096360074,-0.21483965964800109
Publications,0.15694604307202986,-0.16119508796820728,-0.004091330405360499,-0.006347639733514969,-0.01194590769786086,0.11993417427311766,-0.29776433162076776,0.7845399192005871,-0.44593720315461577,-0.05240254412007015,0.0027290202232593337,0.07271605711937856
AptitudeTestScore,0.1758795460502631,-0.2145844834719795,-0.12107848104578167,0.009968283665798309,-0.02127486012918068,-0.22222740207545086,0.3373339460923822,-0.052018406679826316,-0.21519767943191326,-0.2280281202947348,-0.2402297709860325,-0.1564685116269866
SoftSkillsRating,0.17542692490432205,-0.18496535633840125,-0.03980016521815096,-0.007766927226520245,-0.0008650585006719484,0.09252439780239659,-0.27038256149125944,-0.37946872794740344,-0.31225995538608414,0.17020276788961528,-0.25603175915909127,0.6243727669517071
CodingTestScore,0.19240273689516932,-0.22051369356053943,-0.11926158102073445,-0.00236360071897456,-0.02235680762316066,-0.17275342341513034,0.25575259345187296,-0.005980027820396486,-0.08694132430073472,-0.07351147986279473,-0.06942637463280185,-0.03405512069135293
MockInterviewScore,0.1960030103100306,-0.1900263389897298,-0.02573738920825431,-0.007618753410702914,-0.006581680845222046,0.11062891553101876,-0.2705780578370697,-0.25256498142269024,-0.08526920257930089,0.0613714847955105,0.17107262595248995,-0.50009083226801
ExtraCurricular,0.07548848364324307,-0.09181879454410012,-0.0064719723066375134,-0.00897476897585888,-0.011609667388409933,0.8757027317086561,0.4668968974130684,0.001056089694554861,-0.012338662056817974,0.006215963845573489,-0.015436993870994913,0.0075818955343710664
IsAnomaly,0.0012754678897911294,-0.04230612138877016,0.8389317746262009,0.021451632350868374,0.021525489103553626,-0.03916850480573277,0.08404780000486273,-0.14056777224413697,-0.18311340974307153,-0.22789456253202875,0.2078357238864708,0.15329302992422075
AverageSGPA,0.22596953771277403,0.21802286989497527,0.021207044223833158,0.0044273989963686654,0.02660827377718988,0.019031823882048226,-0.025210540741092614,-0.0035626362622739466,0.00011239146439838421,-0.0011001803613392667,-0.01644220371529307,-0.008879223191666681
AcademicConsistency,-0.028789360504037017,-0.08542730717924328,-0.025711528373257783,0.07077300663975215,0.9922060867686224,-0.0024429572220545067,0.01753030645987451,0.01192638125947822,0.001356110746179147,0.006678043133995967,-0.00510964663702973,-0.005001094459144619
AcademicScore,0.22929763863275152,0.08646146690099694,-0.09378530578323976,0.00013814583209872272,0.008453391301646351,-0.12296116579108488,0.19847916623947626,0.025676342474480304,0.01683726131472358,0.025216920323254545,0.17445420496719025,0.11247771834926283
SkillScore,0.20346096975585184,-0.23639235935263975,-0.12199923514678397,0.0017210855669107957,-0.021423239033176715,-0.17615875284165247,0.24669821032645556,-0.07442088339894803,-0.17797438538877697,-0.11233901734571508,-0.17094407264660683,-0.0012414673771552198
InterviewScore,0.2043092492851668,-0.2024732628480248,-0.03177602566268651,-0.008221409157137241,-0.0053773135989813765,0.1134014392808941,-0.29037038530325704,-0.3085480378749745,-0.15851895895374754,0.0979943647375172,0.057566768793505085,-0.20490297345877112
ExperienceScore,0.21010493465446328,-0.2377594445046241,0.17605437148428302,0.0007220956889543095,-0.012840671101785666,-0.025478849167794023,-0.028388281157451376,0.14533423720951927,0.21378273107161158,0.044335042108297786,-0.014048016218893792,-0.036701845243926404
