Component,ExplainedVariance,CumulativeVariance
PC1,0.595956662131956,0.595956662131956
PC2,0.10847134950916199,0.7044280116411179
PC3,0.0446728102531863,0.7491008218943042
PC4,0.03571384442147251,0.7848146663157767
PC5,0.034744646160981156,0.8195593124767578
PC6,0.03263075972002779,0.8521900721967857
PC7,0.029188772274069064,0.8813788444708547
PC8,0.018920237969227954,0.9002990824400826
PC9,0.01610050022087582,0.9163995826609584
PC10,0.014732491050738263,0.9311320737116967
PC11,0.013463350539829019,0.9445954242515258
PC12,0.012528677515879121,0.9571241017674049
